{

"Products" : [
				{ "Name" : "Carpet" , "ProductId" : "1002" , "Quantity" : "50" , "Price" : "20000"},
				{ "Name" : "Books" , "ProductId" : "1003" , "Quantity" : "500" , "Price" : "23000"},
				{ "Name" : "Shirts" , "ProductId" : "1004" , "Quantity" : "150" , "Price" : "1000"},
				{ "Name" : "iPhone" , "ProductId" : "1006" , "Quantity" : "70" , "Price" : "20000"},
				{ "Name" : "Pens" , "ProductId" : "1007" , "Quantity" : "400" , "Price" : "10000"},
				{ "Name" : "Kites" , "ProductId" : "1008" , "Quantity" : "600" , "Price" : "2500"},
				{ "Name" : "Boxes" , "ProductId" : "1009" , "Quantity" : "400" , "Price" : "28000"},
				{ "Name" : "Shoes" , "ProductId" : "1010" , "Quantity" : "900" , "Price" : "19000"},
				{ "Name" : "Bags" , "ProductId" : "1011" , "Quantity" : "510" , "Price" : "8000"}

]

}